{
  "2015-01": -0.061971324014637896,
  "2015-02": 0.09966317046132867,
  "2015-03": -0.008394238411879917,
  "2015-04": 0.09929618768328452,
  "2015-05": -0.06169414359138525,
  "2015-06": 0.006084154662623131,
  "2015-07": -0.04174751794427389,
  "2015-08": -0.083338248304335,
  "2015-09": -0.03360785827649804,
  "2015-10": 0.017976430901706753,
  "2015-11": -0.016329111164402943,
  "2015-12": -0.03922872340425532,
  "2016-01": -0.06791234140715108,
  "2016-02": 0.05910013364351818,
  "2016-03": 0.16967331868953583,
  "2016-04": 0.07703526121266613,
  "2016-05": -0.1008885014190054,
  "2016-06": 0.0630260769103812,
  "2016-07": 0.11219360723504179,
  "2016-08": 0.01034759544915187,
  "2016-09": 0.008048220237992343,
  "2016-10": 0.11235801051964289,
  "2016-11": -0.04649980747015792,
  "2016-12": -0.027121765257002606,
  "2017-01": 0.07378750394341416,
  "2017-02": 0.030786596774442954,
  "2017-03": -0.025171762023341593,
  "2017-04": 0.0064477409823957554,
  "2017-05": -0.04116019142852778,
  "2017-06": 0.003013825325700381,
  "2017-07": 0.048012718600953797,
  "2017-08": 0.074560072815534,
  "2017-09": 0.048831792193124945,
  "2017-10": 0.0001884405200958117,
  "2017-11": -0.031450180330516275,
  "2017-12": 0.06156646427033108,
  "2018-01": 0.11139760739247673,
  "2018-02": 0.006689199533640222,
  "2018-03": -0.0013453282015886137,
  "2018-04": 0.008773984958882819,
  "2018-05": -0.10870347790744939,
  "2018-06": -0.05199729004351561,
  "2018-07": 0.08874015639816935,
  "2018-08": -0.03208785660186819,
  "2018-09": 0.034742690211012395,
  "2018-10": 0.10186282170855288,
  "2018-11": 0.023792093704245953,
  "2018-12": -0.01806623167679655,
  "2019-01": 0.10817299486841048,
  "2019-02": -0.01858430704150149,
  "2019-03": -0.0017680783394710131,
  "2019-04": 0.009830739401561539,
  "2019-05": 0.007026247236723293,
  "2019-06": 0.040575079872204434,
  "2019-07": 0.008369071082630963,
  "2019-08": -0.006649510863159569,
  "2019-09": 0.03569486330152771,
  "2019-10": 0.023628812831161472,
  "2019-11": 0.009447864204439549,
  "2019-12": 0.06848188630085095,
  "2020-01": -0.016291236110510643,
  "2020-02": -0.08429074990550367,
  "2020-03": -0.2990438889528856,
  "2020-04": 0.10251985757326754,
  "2020-05": 0.08567063324472701,
  "2020-06": 0.08755992357241738,
  "2020-07": 0.08264601918868886,
  "2020-08": -0.03442747201492535,
  "2020-09": -0.04796264428544117,
  "2020-10": -0.006881388539475508,
  "2020-11": 0.1589747956403269,
  "2020-12": 0.09567629123503041,
  "2021-01": -0.027651584999916157,
  "2021-02": -0.05147965208996008,
  "2021-03": 0.05997182714590821,
  "2021-04": 0.01937685409057388,
  "2021-05": 0.061584268339865744,
  "2021-06": 0.0046428345059263965,
  "2021-07": -0.03943944101828045,
  "2021-08": -0.024794541916733026,
  "2021-09": -0.06568390567515003,
  "2021-10": -0.06738211733751431,
  "2021-11": -0.015323523444217946,
  "2021-12": 0.028523769808173505,
  "2022-01": 0.07217950430253195,
  "2022-02": 0.0067089013061891745,
  "2022-03": 0.06060525711053377,
  "2022-04": -0.10102584188201569,
  "2022-05": 0.03221291112017499,
  "2022-06": -0.11503264452048023,
  "2022-07": 0.04691400621054975,
  "2022-08": 0.06162942858527609,
  "2022-09": 0.004693078166229991,
  "2022-10": 0.05452711360724116,
  "2022-11": -0.030602307884554092,
  "2022-12": -0.02182493821453335,
  "2023-01": 0.03181830575019773,
  "2023-02": -0.0757495684036219,
  "2023-03": -0.029066443029771682,
  "2023-04": 0.02502895506566416,
  "2023-05": 0.037373601961084635,
  "2023-06": 0.09001707666035896,
  "2023-07": 0.03265389077544523,
  "2023-08": -0.05085162739968674,
  "2023-09": 0.007110642636208198,
  "2023-10": -0.029348432205207442,
  "2023-11": 0.12538888496075806,
  "2023-12": 0.05382821151172923,
  "2024-01": -0.047941275105265135,
  "2024-02": 0.009925480618698801,
  "2024-03": -0.007084172996434712,
  "2024-04": -0.01703276973756107,
  "2024-05": -0.03038340586385435,
  "2024-06": 0.014815967501515148,
  "2024-07": 0.03022428111406139,
  "2024-08": 0.06542788205433525,
  "2024-09": -0.030793211964354028,
  "2024-10": -0.0159540571706015,
  "2024-11": -0.031184229799634533,
  "2024-12": -0.042851004233376844,
  "2025-01": 0.0486519292003027,
  "2025-02": -0.026447853490307982,
  "2025-03": 0.06075782376077976,
  "2025-04": 0.03690311684323655,
  "2025-05": 0.014511316605832603,
  "2025-06": 0.013340436556299018,
  "2025-07": -0.041654963811169954,
  "2025-08": 0.062755972375649,
  "2025-09": 0.03404703652897001,
  "2025-10": 0.022586623084445145,
  "2025-11": 0.06374214257054978,
  "2025-12": 0.012906105411386148,
  "2026-01": 0.12561055081458505,
  "2026-02": 0.02812188127191728
}